"","Pro_Ver","Inv_Ver","Pro_Hoek","Inv_Hoek","KS_E","KS_M","KS","GS"
"Non_targeting_shRNA_replicate_1",15.6472,15.4403,1.1783,7.8201,4.5637,10.672,0.587551209197833,-2.49651216181098
"Non_targeting_shRNA_replicate_2",14.3274,15.925,0.735,7.349,5.0111,10.5408,0.567199682833355,3.05712179876372
"Scrambled_shRNA_replicate_1",13.7493,16.2468,0.6865,7.8073,4.2866,10.3953,0.59468745870226,-1.90534226200722
"Scrambled_shRNA_replicate_2",15.0262,15.3573,0.8854,7.3677,4.4396,9.9766,0.573410862957579,1.99503981828288
"TRIM28_1_shRNA_replicate_1",13.9653,16.2293,1.0154,7.4814,3.7493,10.5325,0.60274877758689,1.56119257101648
"TRIM28_1_shRNA_replicate_2",16.5995,16.5199,1.5207,7.5091,4.4912,10.7102,0.572485793577375,-2.84399391208244
"TRIM28_2_shRNA_replicate_1",14.7876,15.2113,0.8324,7.4554,4.0614,10.5808,0.59204440333025,-0.0213239219814056
"TRIM28_2_shRNA_replicate_2",14.259,16.3674,0.642,7.8763,4.1473,10.2904,0.599180652834677,0.653818069818996
