"","Pro_Ver","Inv_Ver","Pro_Hoek","Inv_Hoek","KS_E","KS_M","KS","GS"
"shGFP_rep_1",7.6798,-13.6995,4.5855,-4.6459,-8.1766,7.1573,0.529919447640967,1.13051112128023
"shGFP_rep_2",7.8231,-13.9882,4.7589,-4.94,-9.1062,6.4795,0.52819332566168,0.0458821191271372
"shRNA_control_rep_1",6.4589,-14.2023,4.1478,-4.5853,-9.095,7.3398,0.563578826237054,0.294351141581151
"shRNA_control_rep_2",6.4134,-13.8261,3.9603,-4.5231,-9.1457,6.7738,0.575373993095512,-0.40105494311671
"shRNA_PGC1a__65__rep_1",4.968,-11.7667,2.9109,-4.0661,-8.7527,7.4053,0.604430379746835,-0.235248868062722
"shRNA_PGC1a__65_rep_2",4.8736,-12.158,2.7434,-4.3932,-9.4346,7.525,0.604430379746835,-1.62027186649671
"shRNA_PGC1a__66_rep_1",4.9713,-12.1541,2.7496,-3.733,-9.828,7.1373,0.604430379746835,0.150562868752669
"shRNA_PGC1a__66__rep_2",5.2535,-11.7694,2.8255,-3.7905,-9.003,7.5699,0.610759493670886,0.635268426934966
