Sample,Glycolysis scores,OXPHOS scores,FAO scores,HIF-1 scores
GSM3484670_1,1.44452863215976,2.22766077099853,-0.649804544179896,0.162137580921817
GSM3484671_1,1.43289963714425,2.1801946201454,-0.440902760143463,0.170575508737005
GSM3484672_1,1.37968388813695,2.33515439221699,-0.601041536815712,0.143908308004053
GSM3484673_1,1.46361435905976,2.32265897825332,-0.434574431045034,0.153835975183181
GSM3484674_1,1.38700189498372,2.35118296106613,1.23279016111601,0.146383001232728
GSM3484675_1,1.46953160627439,2.37968388813695,0.893533111068097,0.161765179096793
