Sample,Glycolysis scores,OXPHOS scores,FAO scores,HIF-1 scores
Non_targeting_shRNA_replicate_1,4.07325410889059,4.93112246443049,0.604145717897408,0.240490049331349
Non_targeting_shRNA_replicate_2,4.04163010801256,4.89104775028451,0.296589222958704,0.235952255329804
Scrambled_shRNA_replicate_1,4.03442174474544,4.97676030324828,0.278729723078784,0.236196109861047
Scrambled_shRNA_replicate_2,4.03543030677209,4.90982099245627,0.328301201176184,0.23526630525904
TRIM28_1_shRNA_replicate_1,4.02124514450739,4.86457863780171,-0.760038159137378,0.234910509802957
TRIM28_1_shRNA_replicate_2,4.04633326175831,4.89135677582586,-0.383749215319136,0.238591249882643
TRIM28_2_shRNA_replicate_1,4.00120102986218,5.00120102986218,0.0600286018379917,0.234497399794577
TRIM28_2_shRNA_replicate_2,4.01443088663847,4.90618993637975,-0.424007092492575,0.233568329596788
