Sample,Glycolysis scores,OXPHOS scores,FAO scores,HIF-1 scores
A375_siCont_Normal,1.53379335711657,2.33150719794652,-0.912724124410479,0.199711410054835
A375_siCont_GlnF,1.38453502366957,2.28678409625563,-1.32881632665147,0.199786527883821
A375_siBRAF_Normal,1.40045879287065,2.36231126413585,-0.0655875500545815,0.178738203082273
A375_siBRAF_GlnF,1.40644766073994,2.36312099294947,-0.0880072466646032,0.185516213066429
A375_siATF4_Normal,1.51736407244621,2.34903185153026,-0.628578529067542,0.191052679958308
A375_siCont_DMSO,1.48035333284734,2.31325847023191,0.735910946298056,0.180954250443225
A375_siCont_VEM,1.47168026521955,2.35088188540684,0.979118899937892,0.179201296121761
A375_siATF4_VEM,1.45167910508522,2.38453502366957,1.30868393061273,0.170070130727914
