Sample,Glycolysis scores,OXPHOS scores,FAO scores,HIF-1 scores
GSM3177125,1.79419265510736,2.70165934475685,0.403011650245494,0.21851860374524
GSM3177126,1.76156492205635,2.6883057675708,-0.197814452851812,0.222756286462964
GSM3177127,1.70165934475685,2.67982777081091,-0.394945315776929,0.19854746155005
GSM3177128,1.75470791607052,2.69422684167696,-0.161210237654557,0.213966121786497
GSM3177129,1.75904004550403,2.69671064063148,0.480351206661765,0.212874242805177
GSM3177130,1.76485274406104,2.69773635776909,-0.129392850623956,0.230836410122431
