Sample,Glycolysis scores,OXPHOS scores,FAO scores,HIF-1 scores
MelJUSO,0.853530258380451,1.80527160334858,0.456096659293128,0.157883003198074
A375,0.874251435796926,1.69008173140843,-0.0186079876287314,0.15537951567913
X607B,0.829277699501741,1.71524530995326,-0.0940593485909047,0.133853813079882
X518A2,0.924408618961319,1.64866399280024,-0.448620557362365,0.181036334589488
Skmel_28,0.805271603348578,1.68608000100529,0.105191234288879,0.132103199825953
