Sample,Glycolysis scores,OXPHOS scores,FAO scores,HIF-1 scores
shGFP_rep_1,0.889635006131813,1.87363228597733,1.02135391136001,0.145255952762524
shGFP_rep_2,0.890000433122085,1.8745930864239,1.18433298315627,0.147489758693897
shRNA_control_rep_1,0.876251244925183,1.86667802862008,0.375288920207853,0.138177623498301
shRNA_control_rep_2,0.874593086423897,1.86957551162525,0.313189046114985,0.140109596992058
shRNA_PGC1a__65__rep_1,0.946763437333445,1.79712768225027,-0.925749791818486,0.1525111019158
shRNA_PGC1a__65_rep_2,0.948365105008092,1.79950440883608,-0.510892929860586,0.154785914792311
shRNA_PGC1a__66_rep_1,0.93406638532808,1.78871739492471,-0.824317362516339,0.1517808814692
shRNA_PGC1a__66__rep_2,0.93431004963736,1.79494489548694,-0.633204776643723,0.154278334192451
